Year,YearH,Quarter,Measure,CoverType,Value
2010,2010H1,201003,Gross Earned Premium,Comprehensive,170438983.59859
2010,2010H1,201006,Gross Earned Premium,Comprehensive,170734921.295649
2010,2010H2,201009,Gross Earned Premium,Comprehensive,173141814.980892
2010,2010H2,201012,Gross Earned Premium,Comprehensive,172933020.549679
2011,2011H1,201103,Gross Earned Premium,Comprehensive,170819650.785592
2011,2011H1,201106,Gross Earned Premium,Comprehensive,172686149.327541
2011,2011H2,201109,Gross Earned Premium,Comprehensive,174206656.895159
2011,2011H2,201112,Gross Earned Premium,Comprehensive,174536538.940285
2012,2012H1,201203,Gross Earned Premium,Comprehensive,171806679.09093001
2012,2012H1,201206,Gross Earned Premium,Comprehensive,170103001.575386
2012,2012H2,201209,Gross Earned Premium,Comprehensive,169463368.234527
2012,2012H2,201212,Gross Earned Premium,Comprehensive,166714297.90676
2013,2013H1,201303,Gross Earned Premium,Comprehensive,163377597.930344
2013,2013H1,201306,Gross Earned Premium,Comprehensive,162370646.689457
2013,2013H2,201309,Gross Earned Premium,Comprehensive,163548501.070298
2013,2013H2,201312,Gross Earned Premium,Comprehensive,163612341.958709
2014,2014H1,201403,Gross Earned Premium,Comprehensive,160832755.416857
2014,2014H1,201406,Gross Earned Premium,Comprehensive,164568990.900067
2014,2014H2,201409,Gross Earned Premium,Comprehensive,169464257.038003
2014,2014H2,201412,Gross Earned Premium,Comprehensive,170892274.084231
2015,2015H1,201503,Gross Earned Premium,Comprehensive,169026212.780278
2015,2015H1,201506,Gross Earned Premium,Comprehensive,174515585.202751
2015,2015H2,201509,Gross Earned Premium,Comprehensive,181810108.29617
2015,2015H2,201512,Gross Earned Premium,Comprehensive,189793841.239816
2016,2016H1,201603,Gross Earned Premium,Comprehensive,193778909.239288
2016,2016H1,201606,Gross Earned Premium,Comprehensive,205342146.856415
2016,2016H2,201609,Gross Earned Premium,Comprehensive,221651076.722581
2016,2016H2,201612,Gross Earned Premium,Comprehensive,235443132.496831
2017,2017H1,201703,Gross Earned Premium,Comprehensive,240706221.308458
2017,2017H1,201706,Gross Earned Premium,Comprehensive,253220032.796172
2017,2017H2,201709,Gross Earned Premium,Comprehensive,261747121.462244
2017,2017H2,201712,Gross Earned Premium,Comprehensive,264535229.539563
2018,2018H1,201803,Gross Earned Premium,Comprehensive,261007319.52162302
2018,2018H1,201806,Gross Earned Premium,Comprehensive,263025090.041118
2018,2018H2,201809,Gross Earned Premium,Comprehensive,264926683.98259002
2018,2018H2,201812,Gross Earned Premium,Comprehensive,263872373.488069
2019,2019H1,201903,Gross Earned Premium,Comprehensive,260044136.75716498
2019,2019H1,201906,Gross Earned Premium,Comprehensive,262215603.256249
2019,2019H2,201909,Gross Earned Premium,Comprehensive,267409270.737171
2019,2019H2,201912,Gross Earned Premium,Comprehensive,266275680.25357798
2020,2020H1,202003,Gross Earned Premium,Comprehensive,268489968.653008
2020,2020H1,202006,Gross Earned Premium,Comprehensive,238189584.745531
2020,2020H2,202009,Gross Earned Premium,Comprehensive,271176372.875042
2020,2020H2,202012,Gross Earned Premium,Comprehensive,273863753.27156603
2021,2021H1,202103,Gross Earned Premium,Comprehensive,271388803.759834
2021,2021H1,202106,Gross Earned Premium,Comprehensive,274240087.684214
2021,2021H2,202109,Gross Earned Premium,Comprehensive,277676692.61431503
2021,2021H2,202112,Gross Earned Premium,Comprehensive,277783570.61138403
2022,2022H1,202203,Gross Earned Premium,Comprehensive,271146165.352547
2022,2022H1,202206,Gross Earned Premium,Comprehensive,274129768.131283
2022,2022H2,202209,Gross Earned Premium,Comprehensive,274924110.676489
2022,2022H2,202212,Gross Earned Premium,Comprehensive,273439284.299433
2023,2023H1,202303,Gross Earned Premium,Comprehensive,270591767.452143
2023,2023H1,202306,Gross Earned Premium,Comprehensive,275973619.210278
2023,2023H2,202309,Gross Earned Premium,Comprehensive,282130704.577292
2023,2023H2,202312,Gross Earned Premium,Comprehensive,286531857.706854
2024,2024H1,202403,Gross Earned Premium,Comprehensive,290492422.649832
2024,2024H1,202406,Gross Earned Premium,Comprehensive,298411007.537644
2024,2024H2,202409,Gross Earned Premium,Comprehensive,310406264.523687
2024,2024H2,202412,Gross Earned Premium,Comprehensive,318969643.354415
2010,2010H1,201003,Gross Earned Premium,Third Party,49559366.879906
2010,2010H1,201006,Gross Earned Premium,Third Party,48976581.764698
2010,2010H2,201009,Gross Earned Premium,Third Party,49117569.784058
2010,2010H2,201012,Gross Earned Premium,Third Party,48840752.208808
2011,2011H1,201103,Gross Earned Premium,Third Party,47308018.603524
2011,2011H1,201106,Gross Earned Premium,Third Party,47351726.966631
2011,2011H2,201109,Gross Earned Premium,Third Party,47571540.817522
2011,2011H2,201112,Gross Earned Premium,Third Party,47398559.761639
2012,2012H1,201203,Gross Earned Premium,Third Party,44443429.004273
2012,2012H1,201206,Gross Earned Premium,Third Party,43654491.759603
2012,2012H2,201209,Gross Earned Premium,Third Party,43230707.141519
2012,2012H2,201212,Gross Earned Premium,Third Party,42254370.159649
2013,2013H1,201303,Gross Earned Premium,Third Party,39804778.547122
2013,2013H1,201306,Gross Earned Premium,Third Party,39075601.726598
2013,2013H2,201309,Gross Earned Premium,Third Party,38953697.458295
2013,2013H2,201312,Gross Earned Premium,Third Party,38306809.763094
2014,2014H1,201403,Gross Earned Premium,Third Party,37960818.194735
2014,2014H1,201406,Gross Earned Premium,Third Party,38783409.065176
2014,2014H2,201409,Gross Earned Premium,Third Party,40195769.433913
2014,2014H2,201412,Gross Earned Premium,Third Party,40937782.610851
2015,2015H1,201503,Gross Earned Premium,Third Party,42302860.760936
2015,2015H1,201506,Gross Earned Premium,Third Party,43620239.501626
2015,2015H2,201509,Gross Earned Premium,Third Party,45296751.703641
2015,2015H2,201512,Gross Earned Premium,Third Party,47117673.237263
2016,2016H1,201603,Gross Earned Premium,Third Party,50178867.849686
2016,2016H1,201606,Gross Earned Premium,Third Party,52434921.955541
2016,2016H2,201609,Gross Earned Premium,Third Party,56240745.253497995
2016,2016H2,201612,Gross Earned Premium,Third Party,60373232.163204
2017,2017H1,201703,Gross Earned Premium,Third Party,61124992.654543
2017,2017H1,201706,Gross Earned Premium,Third Party,64901276.31402
2017,2017H2,201709,Gross Earned Premium,Third Party,68462759.768892
2017,2017H2,201712,Gross Earned Premium,Third Party,69878961.474651
2018,2018H1,201803,Gross Earned Premium,Third Party,67732603.95174
2018,2018H1,201806,Gross Earned Premium,Third Party,68143075.31632599
2018,2018H2,201809,Gross Earned Premium,Third Party,68380237.632645
2018,2018H2,201812,Gross Earned Premium,Third Party,67214682.107956
2019,2019H1,201903,Gross Earned Premium,Third Party,64760768.393907
2019,2019H1,201906,Gross Earned Premium,Third Party,63751021.22939
2019,2019H2,201909,Gross Earned Premium,Third Party,63096693.666615
2019,2019H2,201912,Gross Earned Premium,Third Party,59954205.824731
2020,2020H1,202003,Gross Earned Premium,Third Party,57466781.762731
2020,2020H1,202006,Gross Earned Premium,Third Party,48371589.47531
2020,2020H2,202009,Gross Earned Premium,Third Party,51848690.411735
2020,2020H2,202012,Gross Earned Premium,Third Party,49032078.500223
2021,2021H1,202103,Gross Earned Premium,Third Party,45540481.581771
2021,2021H1,202106,Gross Earned Premium,Third Party,43519794.631093
2021,2021H2,202109,Gross Earned Premium,Third Party,41089219.225869
2021,2021H2,202112,Gross Earned Premium,Third Party,38404176.249186
2022,2022H1,202203,Gross Earned Premium,Third Party,35551615.326577
2022,2022H1,202206,Gross Earned Premium,Third Party,33857697.084906
2022,2022H2,202209,Gross Earned Premium,Third Party,31893899.282681
2022,2022H2,202212,Gross Earned Premium,Third Party,29659066.0627
2023,2023H1,202303,Gross Earned Premium,Third Party,27706222.519607
2023,2023H1,202306,Gross Earned Premium,Third Party,26746766.53376
2023,2023H2,202309,Gross Earned Premium,Third Party,25930236.107527
2023,2023H2,202312,Gross Earned Premium,Third Party,25272563.176831
2024,2024H1,202403,Gross Earned Premium,Third Party,24356123.33146
2024,2024H1,202406,Gross Earned Premium,Third Party,25459164.271699
2024,2024H2,202409,Gross Earned Premium,Third Party,26387789.051436
2024,2024H2,202412,Gross Earned Premium,Third Party,26974259.207265
2010,2010H1,201003,Earned Policy Count,Comprehensive,354618.589805
2010,2010H1,201006,Earned Policy Count,Comprehensive,351295.706235
2010,2010H2,201009,Earned Policy Count,Comprehensive,349451.801757
2010,2010H2,201012,Earned Policy Count,Comprehensive,351902.464449
2011,2011H1,201103,Earned Policy Count,Comprehensive,347993.617603
2011,2011H1,201106,Earned Policy Count,Comprehensive,358509.224363
2011,2011H2,201109,Earned Policy Count,Comprehensive,368535.565354
2011,2011H2,201112,Earned Policy Count,Comprehensive,374360.719599
2012,2012H1,201203,Earned Policy Count,Comprehensive,374554.529649
2012,2012H1,201206,Earned Policy Count,Comprehensive,376334.342491
2012,2012H2,201209,Earned Policy Count,Comprehensive,381605.75109000003
2012,2012H2,201212,Earned Policy Count,Comprehensive,382637.948391
2013,2013H1,201303,Earned Policy Count,Comprehensive,379137.017874
2013,2013H1,201306,Earned Policy Count,Comprehensive,385602.005742
2013,2013H2,201309,Earned Policy Count,Comprehensive,391040.284009
2013,2013H2,201312,Earned Policy Count,Comprehensive,392309.609415
2014,2014H1,201403,Earned Policy Count,Comprehensive,386895.771181
2014,2014H1,201406,Earned Policy Count,Comprehensive,389204.394841
2014,2014H2,201409,Earned Policy Count,Comprehensive,389572.83151499997
2014,2014H2,201412,Earned Policy Count,Comprehensive,385456.306163
2015,2015H1,201503,Earned Policy Count,Comprehensive,381191.340115
2015,2015H1,201506,Earned Policy Count,Comprehensive,379989.258639
2015,2015H2,201509,Earned Policy Count,Comprehensive,382849.838237
2015,2015H2,201512,Earned Policy Count,Comprehensive,379244.272713
2016,2016H1,201603,Earned Policy Count,Comprehensive,373946.74887300003
2016,2016H1,201606,Earned Policy Count,Comprehensive,373040.395861
2016,2016H2,201609,Earned Policy Count,Comprehensive,381159.330376
2016,2016H2,201612,Earned Policy Count,Comprehensive,387458.936398
2017,2017H1,201703,Earned Policy Count,Comprehensive,386166.761161
2017,2017H1,201706,Earned Policy Count,Comprehensive,391889.085838
2017,2017H2,201709,Earned Policy Count,Comprehensive,395312.404681
2017,2017H2,201712,Earned Policy Count,Comprehensive,393566.621689
2018,2018H1,201803,Earned Policy Count,Comprehensive,387802.784587
2018,2018H1,201806,Earned Policy Count,Comprehensive,390740.75039400003
2018,2018H2,201809,Earned Policy Count,Comprehensive,393825.475944
2018,2018H2,201812,Earned Policy Count,Comprehensive,396535.331066
2019,2019H1,201903,Earned Policy Count,Comprehensive,397569.860025
2019,2019H1,201906,Earned Policy Count,Comprehensive,406986.626147
2019,2019H2,201909,Earned Policy Count,Comprehensive,418212.829623
2019,2019H2,201912,Earned Policy Count,Comprehensive,425907.290133
2020,2020H1,202003,Earned Policy Count,Comprehensive,429693.002965
2020,2020H1,202006,Earned Policy Count,Comprehensive,435722.928726
2020,2020H2,202009,Earned Policy Count,Comprehensive,449542.230008
2020,2020H2,202012,Earned Policy Count,Comprehensive,458403.282895
2021,2021H1,202103,Earned Policy Count,Comprehensive,453658.571939
2021,2021H1,202106,Earned Policy Count,Comprehensive,462908.54331
2021,2021H2,202109,Earned Policy Count,Comprehensive,476452.83058999997
2021,2021H2,202112,Earned Policy Count,Comprehensive,486078.668312
2022,2022H1,202203,Earned Policy Count,Comprehensive,481589.77165999997
2022,2022H1,202206,Earned Policy Count,Comprehensive,493932.92731299996
2022,2022H2,202209,Earned Policy Count,Comprehensive,503414.506429
2022,2022H2,202212,Earned Policy Count,Comprehensive,504528.624087
2023,2023H1,202303,Earned Policy Count,Comprehensive,498178.622692
2023,2023H1,202306,Earned Policy Count,Comprehensive,508159.68694
2023,2023H2,202309,Earned Policy Count,Comprehensive,516451.161224
2023,2023H2,202312,Earned Policy Count,Comprehensive,520706.908502
2024,2024H1,202403,Earned Policy Count,Comprehensive,518210.32941199996
2024,2024H1,202406,Earned Policy Count,Comprehensive,520929.426636
2024,2024H2,202409,Earned Policy Count,Comprehensive,529028.099623
2024,2024H2,202412,Earned Policy Count,Comprehensive,532615.659523
2010,2010H1,201003,Earned Policy Count,Third Party,86614.56618400001
2010,2010H1,201006,Earned Policy Count,Third Party,84990.336985
2010,2010H2,201009,Earned Policy Count,Third Party,84276.413973
2010,2010H2,201012,Earned Policy Count,Third Party,87066.29225
2011,2011H1,201103,Earned Policy Count,Third Party,85506.09107
2011,2011H1,201106,Earned Policy Count,Third Party,87446.675145
2011,2011H2,201109,Earned Policy Count,Third Party,89422.52467299999
2011,2011H2,201112,Earned Policy Count,Third Party,90555.576846
2012,2012H1,201203,Earned Policy Count,Third Party,88631.341607
2012,2012H1,201206,Earned Policy Count,Third Party,88109.92124
2012,2012H2,201209,Earned Policy Count,Third Party,88785.758462
2012,2012H2,201212,Earned Policy Count,Third Party,88451.163198
2013,2013H1,201303,Earned Policy Count,Third Party,82654.454949
2013,2013H1,201306,Earned Policy Count,Third Party,81914.957407
2013,2013H2,201309,Earned Policy Count,Third Party,81224.701765
2013,2013H2,201312,Earned Policy Count,Third Party,79353.766415
2014,2014H1,201403,Earned Policy Count,Third Party,75707.366845
2014,2014H1,201406,Earned Policy Count,Third Party,76340.86246
2014,2014H2,201409,Earned Policy Count,Third Party,76967.82481600001
2014,2014H2,201412,Earned Policy Count,Third Party,76405.188028
2015,2015H1,201503,Earned Policy Count,Third Party,73764.342443
2015,2015H1,201506,Earned Policy Count,Third Party,72669.607911
2015,2015H2,201509,Earned Policy Count,Third Party,72476.122797
2015,2015H2,201512,Earned Policy Count,Third Party,71071.341392
2016,2016H1,201603,Earned Policy Count,Third Party,68720.837612
2016,2016H1,201606,Earned Policy Count,Third Party,67875.412024
2016,2016H2,201609,Earned Policy Count,Third Party,69474.459479
2016,2016H2,201612,Earned Policy Count,Third Party,71690.576296
2017,2017H1,201703,Earned Policy Count,Third Party,70702.651542
2017,2017H1,201706,Earned Policy Count,Third Party,73160.50534999999
2017,2017H2,201709,Earned Policy Count,Third Party,75705.402494
2017,2017H2,201712,Earned Policy Count,Third Party,77147.371356
2018,2018H1,201803,Earned Policy Count,Third Party,75267.192589
2018,2018H1,201806,Earned Policy Count,Third Party,76808.327695
2018,2018H2,201809,Earned Policy Count,Third Party,78522.886525
2018,2018H2,201812,Earned Policy Count,Third Party,79184.386293
2019,2019H1,201903,Earned Policy Count,Third Party,75220.701866
2019,2019H1,201906,Earned Policy Count,Third Party,75355.66725099999
2019,2019H2,201909,Earned Policy Count,Third Party,75356.549207
2019,2019H2,201912,Earned Policy Count,Third Party,73856.928484
2020,2020H1,202003,Earned Policy Count,Third Party,70915.013295
2020,2020H1,202006,Earned Policy Count,Third Party,68447.54064800001
2020,2020H2,202009,Earned Policy Count,Third Party,66720.937653
2020,2020H2,202012,Earned Policy Count,Third Party,64528.613261
2021,2021H1,202103,Earned Policy Count,Third Party,60518.754311
2021,2021H1,202106,Earned Policy Count,Third Party,58616.828942
2021,2021H2,202109,Earned Policy Count,Third Party,56788.353573
2021,2021H2,202112,Earned Policy Count,Third Party,54914.827306
2022,2022H1,202203,Earned Policy Count,Third Party,51852.461979
2022,2022H1,202206,Earned Policy Count,Third Party,50457.60762
2022,2022H2,202209,Earned Policy Count,Third Party,48980.37239
2022,2022H2,202212,Earned Policy Count,Third Party,47079.859517
2023,2023H1,202303,Earned Policy Count,Third Party,44015.674245
2023,2023H1,202306,Earned Policy Count,Third Party,42297.777129
2023,2023H2,202309,Earned Policy Count,Third Party,41595.069766
2023,2023H2,202312,Earned Policy Count,Third Party,40321.676096
2024,2024H1,202403,Earned Policy Count,Third Party,39815.859973
2024,2024H1,202406,Earned Policy Count,Third Party,38484.776055
2024,2024H2,202409,Earned Policy Count,Third Party,38592.772406000004
2024,2024H2,202412,Earned Policy Count,Third Party,38444.970205
